Datetime,open,high,low,close,volume
2026-01-02 14:30:00+00:00,48105.98046875,48188.359375,47853.0390625,48081.05859375,48911555
2026-01-02 15:00:00+00:00,48080.6484375,48154.87890625,47900.16015625,47969.19921875,43210661
2026-01-02 15:30:00+00:00,47969.41015625,48172.76953125,47956.71875,48104.48046875,36891976
2026-01-02 16:00:00+00:00,48103.46875,48253.80859375,48084.30859375,48203.16015625,31882489
2026-01-02 16:30:00+00:00,48204.0,48232.0703125,48068.75,48118.640625,21563046
2026-01-02 17:00:00+00:00,48118.8984375,48251.578125,48109.94140625,48238.26953125,18983985
2026-01-02 17:30:00+00:00,48238.48046875,48275.62890625,48124.9609375,48137.87890625,18669160
2026-01-02 18:00:00+00:00,48139.76171875,48182.69921875,48097.12109375,48136.4609375,15184682
2026-01-02 18:30:00+00:00,48136.078125,48165.37890625,48086.98828125,48152.26171875,16838811
2026-01-02 19:00:00+00:00,48151.0703125,48330.91015625,48142.671875,48329.94921875,19527552
2026-01-02 19:30:00+00:00,48329.7890625,48401.01171875,48328.83984375,48371.75,17927827
2026-01-02 20:00:00+00:00,48371.9296875,48404.05859375,48340.609375,48354.7109375,18808341
2026-01-02 20:30:00+00:00,48353.359375,48383.4609375,48276.19921875,48383.21875,50981255
2026-01-05 14:30:00+00:00,48475.80859375,48954.421875,48449.62109375,48886.69140625,53778617
2026-01-05 15:00:00+00:00,48892.83984375,49063.05859375,48890.73046875,49063.01171875,46543991
2026-01-05 15:30:00+00:00,49064.0703125,49079.8984375,49001.37890625,49034.5,34760318
2026-01-05 16:00:00+00:00,49034.12890625,49099.828125,49001.140625,49051.21875,33302789
2026-01-05 16:30:00+00:00,49055.62109375,49125.37890625,49019.3984375,49117.078125,27631471
2026-01-05 17:00:00+00:00,49117.69140625,49157.19140625,49098.48046875,49109.4296875,34940676
2026-01-05 17:30:00+00:00,49109.9609375,49168.83984375,49109.6015625,49141.7890625,24999216
2026-01-05 18:00:00+00:00,49141.94140625,49180.671875,49127.21875,49159.8203125,23459631
2026-01-05 18:30:00+00:00,49159.87109375,49208.44140625,49158.48046875,49194.66015625,19976113
2026-01-05 19:00:00+00:00,49195.1015625,49209.94921875,49154.30859375,49167.3984375,25082426
2026-01-05 19:30:00+00:00,49167.3515625,49172.12109375,49052.5703125,49067.4609375,23374883
2026-01-05 20:00:00+00:00,49069.421875,49105.0703125,49032.44140625,49054.23828125,27293426
2026-01-05 20:30:00+00:00,49052.48828125,49069.5390625,48962.328125,48988.328125,59522627
2026-01-06 14:30:00+00:00,48987.359375,49083.96875,48924.26171875,49079.44921875,49475662
2026-01-06 15:00:00+00:00,49079.890625,49192.58984375,49072.171875,49181.3984375,41253435
2026-01-06 15:30:00+00:00,49181.3984375,49194.30859375,49073.8203125,49078.98828125,30152764
2026-01-06 16:00:00+00:00,49108.53125,49217.6484375,49095.9296875,49217.6484375,41379809
2026-01-06 16:30:00+00:00,49217.12890625,49249.69140625,49182.078125,49248.71875,29021024
2026-01-06 17:00:00+00:00,49249.03125,49352.37890625,49243.87109375,49348.80859375,23248991
2026-01-06 17:30:00+00:00,49370.9609375,49410.0390625,49353.94140625,49405.078125,27901434
2026-01-06 18:00:00+00:00,49403.328125,49427.62109375,49383.640625,49416.55859375,20411687
2026-01-06 18:30:00+00:00,49424.4296875,49453.76171875,49409.62109375,49452.3984375,22022617
2026-01-06 19:00:00+00:00,49453.609375,49495.3203125,49453.609375,49455.1484375,19367834
2026-01-06 19:30:00+00:00,49441.171875,49467.05078125,49424.83984375,49456.078125,21480544
2026-01-06 20:00:00+00:00,49455.75,49502.21875,49452.28125,49493.37109375,27691570
2026-01-06 20:30:00+00:00,49493.2109375,49508.48828125,49466.890625,49470.71875,38203937
2026-01-07 14:30:00+00:00,49512.71875,49621.4296875,49361.80859375,49376.78125,47546592
2026-01-07 15:00:00+00:00,49371.8203125,49394.51953125,49220.8984375,49231.80078125,48547235
2026-01-07 15:30:00+00:00,49231.7109375,49305.0,49209.76171875,49286.83984375,45124561
2026-01-07 16:00:00+00:00,49284.87890625,49319.30078125,49262.71875,49306.2890625,26489327
2026-01-07 16:30:00+00:00,49306.16015625,49381.46875,49284.8203125,49368.9609375,22780756
2026-01-07 17:00:00+00:00,49368.69140625,49403.80078125,49362.8203125,49380.6015625,20619852
2026-01-07 17:30:00+00:00,49380.421875,49380.421875,49262.41015625,49280.44921875,23814993
2026-01-07 18:00:00+00:00,49280.8203125,49280.8203125,49188.48046875,49193.05859375,19347246
2026-01-07 18:30:00+00:00,49193.05859375,49234.98046875,49164.6015625,49232.26171875,21153274
2026-01-07 19:00:00+00:00,49232.8203125,49240.9609375,49129.12109375,49147.6796875,20929386
2026-01-07 19:30:00+00:00,49151.140625,49197.26953125,49146.8515625,49154.94921875,18366448
2026-01-07 20:00:00+00:00,49156.23046875,49172.578125,49032.37109375,49042.55859375,23504207
2026-01-07 20:30:00+00:00,49042.4609375,49042.4609375,48951.98828125,48999.390625,57067980
2026-01-08 14:30:00+00:00,48850.171875,49099.51171875,48792.33984375,49055.48046875,51420427
2026-01-08 15:00:00+00:00,49047.4296875,49198.03125,49036.69921875,49149.2890625,46514476
2026-01-08 15:30:00+00:00,49149.66015625,49219.921875,49104.33984375,49214.71875,39395672
2026-01-08 16:00:00+00:00,49215.5703125,49267.76171875,49161.19921875,49263.37890625,31254373
2026-01-08 16:30:00+00:00,49262.8203125,49313.671875,49239.2109375,49298.96875,27178282
2026-01-08 17:00:00+00:00,49298.6796875,49327.48828125,49267.08984375,49278.48046875,21393357
2026-01-08 17:30:00+00:00,49278.73828125,49357.73828125,49278.73828125,49322.23046875,22569424
2026-01-08 18:00:00+00:00,49322.08984375,49333.23046875,49240.94140625,49275.0390625,19804096
2026-01-08 18:30:00+00:00,49275.0703125,49304.94140625,49244.46875,49258.359375,18229753
2026-01-08 19:00:00+00:00,49258.4609375,49293.76171875,49215.328125,49261.53125,21388226
2026-01-08 19:30:00+00:00,49262.0,49287.3203125,49215.328125,49237.171875,20877002
2026-01-08 20:00:00+00:00,49236.4609375,49274.05078125,49223.828125,49271.26171875,23996682
2026-01-08 20:30:00+00:00,49270.76953125,49301.26953125,49239.46875,49257.73828125,53559945
2026-01-09 14:30:00+00:00,49234.80859375,49465.87890625,49234.73046875,49386.2890625,39777242
2026-01-09 15:00:00+00:00,49383.859375,49469.109375,49197.05859375,49447.19921875,42864497
2026-01-09 15:30:00+00:00,49447.578125,49460.98046875,49319.1015625,49368.98828125,29754693
2026-01-09 16:00:00+00:00,49368.921875,49506.4609375,49356.28125,49451.94140625,24812671
2026-01-09 16:30:00+00:00,49451.83984375,49556.28125,49406.73046875,49527.16015625,21991746
2026-01-09 17:00:00+00:00,49526.01953125,49566.96875,49519.328125,49554.94140625,19182909
2026-01-09 17:30:00+00:00,49554.55859375,49571.41015625,49481.05859375,49481.8984375,17946376
2026-01-09 18:00:00+00:00,49482.30078125,49502.37109375,49446.51953125,49468.12109375,16627843
2026-01-09 18:30:00+00:00,49468.12109375,49532.2890625,49466.87890625,49489.71875,16963577
2026-01-09 19:00:00+00:00,49488.4296875,49521.921875,49476.62890625,49519.6015625,20433620
2026-01-09 19:30:00+00:00,49519.28125,49533.5,49492.2890625,49522.46875,17685060
2026-01-09 20:00:00+00:00,49522.140625,49539.7890625,49490.7890625,49538.3515625,22147983
2026-01-09 20:30:00+00:00,49537.6015625,49552.44140625,49497.69921875,49500.19921875,52637913
2026-01-12 14:30:00+00:00,49499.671875,49499.671875,49011.30859375,49337.3203125,43627379
2026-01-12 15:00:00+00:00,49336.8984375,49343.76171875,49198.01953125,49245.87890625,36037236
2026-01-12 15:30:00+00:00,49247.28125,49426.44921875,49246.21875,49417.859375,31360837
2026-01-12 16:00:00+00:00,49418.078125,49443.0703125,49380.87890625,49413.78125,27100503
2026-01-12 16:30:00+00:00,49415.94140625,49493.3984375,49410.0390625,49427.41015625,23672794
2026-01-12 17:00:00+00:00,49427.6484375,49458.71875,49390.6015625,49426.21875,24524787
2026-01-12 17:30:00+00:00,49426.08984375,49464.58984375,49391.9609375,49453.3984375,20096595
2026-01-12 18:00:00+00:00,49454.55859375,49525.140625,49444.8515625,49517.23046875,18837052
2026-01-12 18:30:00+00:00,49517.01171875,49542.16015625,49509.421875,49535.4296875,18503893
2026-01-12 19:00:00+00:00,49535.48828125,49543.7890625,49500.80859375,49515.3984375,18696007
2026-01-12 19:30:00+00:00,49514.94140625,49583.1796875,49507.171875,49564.76171875,20945670
2026-01-12 20:00:00+00:00,49564.55078125,49587.83984375,49509.2890625,49535.828125,24912059
2026-01-12 20:30:00+00:00,49535.8515625,49633.3515625,49532.80078125,49587.48828125,53780893
2026-01-13 14:30:00+00:00,49616.94921875,49616.94921875,49271.5,49310.4296875,41486312
2026-01-13 15:00:00+00:00,49304.3515625,49316.671875,49208.609375,49248.9296875,39549965
2026-01-13 15:30:00+00:00,49248.859375,49403.078125,49243.640625,49296.44921875,36865243
2026-01-13 16:00:00+00:00,49296.46875,49340.55078125,49209.26953125,49284.9609375,35093718
2026-01-13 16:30:00+00:00,49285.421875,49321.6484375,49243.73828125,49291.328125,37397314
2026-01-13 17:00:00+00:00,49291.76171875,49329.0390625,49265.44921875,49299.1484375,28071527
2026-01-13 17:30:00+00:00,49298.8515625,49308.078125,49230.671875,49245.33984375,26376990
2026-01-13 18:00:00+00:00,49245.01953125,49245.01953125,49185.55859375,49236.140625,22846043
2026-01-13 18:30:00+00:00,49237.55859375,49304.4609375,49220.83984375,49247.33984375,22527543
2026-01-13 19:00:00+00:00,49245.58984375,49269.41015625,49180.55078125,49233.078125,26934580
2026-01-13 19:30:00+00:00,49233.3203125,49251.23046875,49171.75,49196.78125,23525243
2026-01-13 20:00:00+00:00,49197.9296875,49198.5703125,49109.171875,49115.12890625,27277111
2026-01-13 20:30:00+00:00,49115.01953125,49196.671875,49056.30859375,49187.6484375,61848238
2026-01-14 14:30:00+00:00,49088.25,49195.1015625,49001.55859375,49021.21875,73757423
2026-01-14 15:00:00+00:00,49018.98828125,49148.578125,48963.33984375,48998.75,46108953
2026-01-14 15:30:00+00:00,48998.390625,48999.3515625,48884.328125,48950.3203125,32572807
2026-01-14 16:00:00+00:00,48952.171875,49105.01953125,48899.05859375,49103.890625,26774869
2026-01-14 16:30:00+00:00,49104.71875,49133.21875,48851.98046875,48890.640625,27041464
2026-01-14 17:00:00+00:00,48889.390625,48957.87109375,48880.91015625,48934.76953125,22871371
2026-01-14 17:30:00+00:00,48934.58984375,48972.44921875,48877.859375,48925.98828125,20379993
2026-01-14 18:00:00+00:00,48925.25,48995.3515625,48905.859375,48993.78125,23301255
2026-01-14 18:30:00+00:00,48993.5,49035.3515625,48923.80078125,49026.30859375,20630656
2026-01-14 19:00:00+00:00,49026.94140625,49044.25,49005.62890625,49026.69921875,20511512
2026-01-14 19:30:00+00:00,49026.94921875,49050.8515625,48974.87890625,49035.828125,22800851
2026-01-14 20:00:00+00:00,49036.5390625,49111.58984375,48992.140625,49109.3984375,33429956
2026-01-14 20:30:00+00:00,49110.91015625,49164.421875,49030.828125,49158.62109375,67362600
2026-01-15 14:30:00+00:00,49201.1015625,49391.37109375,49201.1015625,49336.3203125,53648991
2026-01-15 15:00:00+00:00,49327.4296875,49484.0,49327.4296875,49463.4296875,41303492
2026-01-15 15:30:00+00:00,49464.640625,49487.75,49375.51171875,49475.8984375,34031544
2026-01-15 16:00:00+00:00,49474.66015625,49563.48046875,49471.3203125,49551.3984375,27371370
2026-01-15 16:30:00+00:00,49550.3203125,49568.53125,49525.23828125,49528.33984375,26810303
2026-01-15 17:00:00+00:00,49528.48046875,49568.390625,49502.48046875,49505.5703125,27200518
2026-01-15 17:30:00+00:00,49504.7109375,49565.2109375,49486.91015625,49487.2109375,20987632
2026-01-15 18:00:00+00:00,49487.08984375,49551.4609375,49480.75,49546.640625,21199895
2026-01-15 18:30:00+00:00,49546.3515625,49581.1796875,49537.0390625,49549.671875,23314988
2026-01-15 19:00:00+00:00,49549.671875,49580.87109375,49515.33984375,49524.55859375,23056204
2026-01-15 19:30:00+00:00,49523.9296875,49534.23828125,49467.4296875,49479.80859375,27031081
2026-01-15 20:00:00+00:00,49480.05859375,49495.46875,49396.23828125,49409.46875,31690454
2026-01-15 20:30:00+00:00,49408.37890625,49463.16015625,49390.859375,49446.23046875,58832271
2026-01-16 14:30:00+00:00,49466.69921875,49616.69921875,49334.37890625,49341.6015625,44859432
2026-01-16 15:00:00+00:00,49342.05078125,49423.2109375,49309.2890625,49382.109375,37274684
2026-01-16 15:30:00+00:00,49382.37890625,49387.7109375,49246.23828125,49355.390625,30972944
2026-01-16 16:00:00+00:00,49356.53125,49450.828125,49354.5390625,49428.23046875,29784024
2026-01-16 16:30:00+00:00,49430.23046875,49478.12890625,49382.46875,49406.171875,28659841
2026-01-16 17:00:00+00:00,49405.58984375,49441.03125,49392.05859375,49405.0390625,22237929
2026-01-16 17:30:00+00:00,49405.078125,49441.609375,49395.05078125,49415.78125,24266543
2026-01-16 18:00:00+00:00,49415.98046875,49497.51953125,49404.609375,49480.7109375,19419062
2026-01-16 18:30:00+00:00,49479.87890625,49491.19140625,49441.828125,49450.71875,19643385
2026-01-16 19:00:00+00:00,49450.76953125,49524.44921875,49401.8515625,49407.578125,24262120
2026-01-16 19:30:00+00:00,49406.76171875,49475.73828125,49406.76171875,49419.69140625,22775281
2026-01-16 20:00:00+00:00,49419.390625,49429.83984375,49364.7890625,49364.83984375,24459683
2026-01-16 20:30:00+00:00,49364.640625,49413.4609375,49327.859375,49358.19140625,87231714
2026-01-20 14:30:00+00:00,49005.01171875,49005.01171875,48606.51953125,48688.69921875,61728898
2026-01-20 15:00:00+00:00,48689.421875,48880.890625,48592.44921875,48860.96875,49308653
2026-01-20 15:30:00+00:00,48860.46875,48918.87890625,48818.890625,48866.41015625,39881133
2026-01-20 16:00:00+00:00,48867.671875,48879.69140625,48718.94140625,48796.94921875,32837138
2026-01-20 16:30:00+00:00,48796.859375,48854.87109375,48751.9296875,48843.390625,31412164
2026-01-20 17:00:00+00:00,48843.0703125,48873.8203125,48752.921875,48770.37890625,28875229
2026-01-20 17:30:00+00:00,48769.98046875,48770.859375,48668.53125,48688.921875,25137662
2026-01-20 18:00:00+00:00,48688.7109375,48730.28125,48675.26953125,48688.3515625,21326298
2026-01-20 18:30:00+00:00,48687.75,48693.8515625,48484.12109375,48525.51953125,27542624
2026-01-20 19:00:00+00:00,48524.19921875,48548.9296875,48478.25,48510.62109375,25034356
2026-01-20 19:30:00+00:00,48510.51953125,48523.66015625,48445.2890625,48473.69921875,28372154
2026-01-20 20:00:00+00:00,48474.05859375,48538.78125,48428.12890625,48518.01953125,38667396
2026-01-20 20:30:00+00:00,48518.98046875,48534.23828125,48433.23046875,48485.8203125,86782416
2026-01-21 14:30:00+00:00,48546.03125,48818.05859375,48546.03125,48812.48046875,45274400
2026-01-21 15:00:00+00:00,48806.078125,48930.21875,48795.4609375,48903.46875,38098344
2026-01-21 15:30:00+00:00,48903.44140625,49020.58984375,48895.23828125,48970.73046875,39164024
2026-01-21 16:00:00+00:00,48970.8515625,48970.8515625,48899.58984375,48951.48046875,32512676
2026-01-21 16:30:00+00:00,48952.12109375,48953.1484375,48770.7109375,48775.48828125,34848730
2026-01-21 17:00:00+00:00,48774.0703125,48799.859375,48600.0703125,48738.640625,25735135
2026-01-21 17:30:00+00:00,48738.328125,48780.12109375,48668.23046875,48754.08984375,22052010
2026-01-21 18:00:00+00:00,48754.58984375,48805.609375,48636.109375,48787.46875,20948420
2026-01-21 18:30:00+00:00,48787.0703125,48853.71875,48745.671875,48821.80078125,20490358
2026-01-21 19:00:00+00:00,48821.48828125,49087.83984375,48735.140625,49058.12109375,28712587
2026-01-21 19:30:00+00:00,49058.609375,49295.03125,49051.23828125,49260.87109375,48824406
2026-01-21 20:00:00+00:00,49262.3203125,49290.7890625,49073.9296875,49078.609375,37583928
2026-01-21 20:30:00+00:00,49079.12109375,49117.0,49034.98046875,49077.3515625,68122315
2026-01-22 14:30:00+00:00,49201.80859375,49579.8984375,49201.80859375,49340.05078125,48872257
2026-01-22 15:00:00+00:00,49350.3203125,49407.0,49259.109375,49395.6796875,35936699
2026-01-22 15:30:00+00:00,49395.578125,49460.109375,49370.44921875,49429.390625,30040697
2026-01-22 16:00:00+00:00,49426.640625,49504.80859375,49426.640625,49483.19140625,27719538
2026-01-22 16:30:00+00:00,49481.26171875,49539.26953125,49476.171875,49481.3203125,23221448
2026-01-22 17:00:00+00:00,49481.44140625,49557.05859375,49459.3203125,49534.171875,21836232
2026-01-22 17:30:00+00:00,49535.640625,49607.2890625,49535.640625,49592.421875,18270627
2026-01-22 18:00:00+00:00,49592.44921875,49596.08984375,49491.94921875,49495.21875,20298753
2026-01-22 18:30:00+00:00,49495.4296875,49540.69921875,49479.19140625,49496.51171875,18765279
2026-01-22 19:00:00+00:00,49496.33984375,49572.26171875,49496.12109375,49537.6015625,16217451
2026-01-22 19:30:00+00:00,49537.73828125,49544.3984375,49394.9609375,49395.078125,20339330
2026-01-22 20:00:00+00:00,49395.28125,49458.4296875,49359.01953125,49359.01953125,23921351
2026-01-22 20:30:00+00:00,49358.94921875,49384.58984375,49313.80859375,49377.78125,50700695
2026-01-23 14:30:00+00:00,49264.5390625,49265.4609375,49016.08984375,49146.6484375,42405462
2026-01-23 15:00:00+00:00,49142.7109375,49167.51171875,49048.26171875,49097.05859375,39341906
2026-01-23 15:30:00+00:00,49098.76171875,49192.140625,49094.71875,49161.76953125,27711522
2026-01-23 16:00:00+00:00,49163.26171875,49199.91015625,49128.98828125,49137.5,30041779
2026-01-23 16:30:00+00:00,49132.69140625,49178.05859375,49089.8984375,49128.78125,25946223
2026-01-23 17:00:00+00:00,49128.4296875,49178.05859375,49113.671875,49171.8203125,20053279
2026-01-23 17:30:00+00:00,49170.9296875,49175.80859375,48969.140625,48990.66015625,19991362
2026-01-23 18:00:00+00:00,48990.76171875,49030.26953125,48963.05078125,49019.828125,20594607
2026-01-23 18:30:00+00:00,49019.6796875,49050.03125,48989.0703125,49044.62109375,18923544
2026-01-23 19:00:00+00:00,49044.76953125,49138.26953125,49038.55078125,49097.2109375,18547547
2026-01-23 19:30:00+00:00,49097.4609375,49120.3984375,49039.859375,49094.05859375,17312232
2026-01-23 20:00:00+00:00,49093.6796875,49105.75,49050.3984375,49076.41015625,20331659
2026-01-23 20:30:00+00:00,49076.171875,49128.3203125,49060.6796875,49095.5,54666987
2026-01-26 14:30:00+00:00,49137.6484375,49331.3515625,49137.6484375,49241.87109375,43287916
2026-01-26 15:00:00+00:00,49238.8515625,49366.37109375,49233.83984375,49281.3984375,32095417
2026-01-26 15:30:00+00:00,49282.19140625,49341.91015625,49256.078125,49282.19140625,26268941
2026-01-26 16:00:00+00:00,49281.421875,49283.78125,49204.46875,49268.58984375,28966595
2026-01-26 16:30:00+00:00,49267.421875,49270.91015625,49224.3203125,49233.7890625,19559226
2026-01-26 17:00:00+00:00,49233.7890625,49310.48828125,49228.8515625,49296.7109375,18496105
2026-01-26 17:30:00+00:00,49296.640625,49351.3515625,49287.51953125,49331.19140625,17344859
2026-01-26 18:00:00+00:00,49332.921875,49439.1796875,49317.0703125,49438.66015625,16110938
2026-01-26 18:30:00+00:00,49438.51171875,49455.94921875,49357.6796875,49368.53125,16351827
2026-01-26 19:00:00+00:00,49368.6015625,49425.28125,49360.390625,49424.51953125,16489846
2026-01-26 19:30:00+00:00,49424.48828125,49456.5390625,49416.140625,49422.171875,18032128
2026-01-26 20:00:00+00:00,49421.6484375,49488.80859375,49409.44921875,49447.0,20570667
2026-01-26 20:30:00+00:00,49446.55859375,49476.609375,49405.23046875,49406.62109375,50444284
2026-01-27 14:30:00+00:00,49103.578125,49132.328125,48955.30859375,49010.96875,50168553
2026-01-27 15:00:00+00:00,48997.87890625,49024.828125,48898.4296875,48909.87890625,49882274
2026-01-27 15:30:00+00:00,48909.828125,49025.01171875,48894.609375,49025.01171875,37157647
2026-01-27 16:00:00+00:00,49025.03125,49106.0703125,49005.96875,49097.76171875,34358107
2026-01-27 16:30:00+00:00,49098.26953125,49157.80078125,49072.37890625,49076.41015625,26137387
2026-01-27 17:00:00+00:00,49076.1484375,49076.1484375,48913.37109375,48970.23046875,23025669
2026-01-27 17:30:00+00:00,48969.890625,48973.62109375,48897.921875,48917.2109375,22980368
2026-01-27 18:00:00+00:00,48917.30859375,48929.94140625,48862.51953125,48929.4609375,23162508
2026-01-27 18:30:00+00:00,48929.69921875,48978.578125,48926.01171875,48965.66015625,21682486
2026-01-27 19:00:00+00:00,48966.12890625,48990.23046875,48942.58984375,48984.33984375,25277161
2026-01-27 19:30:00+00:00,48984.83984375,49001.7109375,48970.7890625,48980.44140625,23558861
2026-01-27 20:00:00+00:00,48980.73046875,49015.25,48962.62109375,48968.8984375,27739297
2026-01-27 20:30:00+00:00,48967.6796875,49015.66015625,48958.71875,49004.05078125,54816110
2026-01-28 14:30:00+00:00,49024.6796875,49150.33984375,48974.359375,49001.30078125,44720591
2026-01-28 15:00:00+00:00,49001.26171875,49035.19921875,48908.76953125,49005.30078125,34908517
2026-01-28 15:30:00+00:00,49006.05859375,49060.76953125,48993.37109375,48993.37109375,28551596
2026-01-28 16:00:00+00:00,48992.58984375,49079.73828125,48990.53125,49071.01953125,25556054
2026-01-28 16:30:00+00:00,49084.05859375,49084.26171875,48999.2109375,49013.05859375,28424940
2026-01-28 17:00:00+00:00,49012.94140625,49081.48046875,49012.94140625,49032.98828125,19137983
2026-01-28 17:30:00+00:00,49033.4609375,49045.03125,48983.671875,48999.78125,17739052
2026-01-28 18:00:00+00:00,48999.2109375,49035.7890625,48989.4296875,49023.26953125,15773810
2026-01-28 18:30:00+00:00,49022.94921875,49034.0703125,48945.80078125,48973.109375,17190442
2026-01-28 19:00:00+00:00,48973.51171875,49036.3515625,48917.140625,48917.140625,22530526
2026-01-28 19:30:00+00:00,48916.91015625,49134.16015625,48901.48828125,48940.671875,29583840
2026-01-28 20:00:00+00:00,48940.76953125,49057.33984375,48940.76953125,48978.41015625,24639225
2026-01-28 20:30:00+00:00,48978.98046875,49044.71875,48937.8984375,49010.23046875,53145014
2026-01-29 14:30:00+00:00,48938.26953125,49292.80859375,48938.26953125,48965.16015625,64705633
2026-01-29 15:00:00+00:00,48965.21875,48997.26953125,48825.94140625,48829.1484375,60816486
2026-01-29 15:30:00+00:00,48828.73828125,48843.69140625,48668.78125,48722.5,50853036
2026-01-29 16:00:00+00:00,48723.9609375,48899.0390625,48597.21875,48840.55859375,43221184
2026-01-29 16:30:00+00:00,48839.078125,48931.16015625,48837.83984375,48900.62109375,31982577
2026-01-29 17:00:00+00:00,48902.1015625,49061.80078125,48888.7890625,49007.23828125,30631062
2026-01-29 17:30:00+00:00,49005.8515625,49024.4609375,48799.03125,48799.03125,26819091
2026-01-29 18:00:00+00:00,48801.0,48952.109375,48771.109375,48916.23046875,25591950
2026-01-29 18:30:00+00:00,48915.98046875,48947.98046875,48845.5,48854.5703125,23179473
2026-01-29 19:00:00+00:00,48854.078125,48998.44921875,48831.23046875,48990.98828125,23921547
2026-01-29 19:30:00+00:00,48991.0390625,49011.69921875,48892.12890625,48892.6484375,24923260
2026-01-29 20:00:00+00:00,48893.078125,48981.44140625,48893.078125,48922.23828125,33565121
2026-01-29 20:30:00+00:00,48922.640625,49065.140625,48922.640625,49033.16015625,88319955
2026-01-30 14:30:00+00:00,48991.62109375,49047.6796875,48835.76171875,48870.26953125,60431143
2026-01-30 15:00:00+00:00,48868.78125,48983.921875,48838.80078125,48854.2890625,55729126
2026-01-30 15:30:00+00:00,48855.01953125,48956.73828125,48806.55078125,48806.55078125,48644253
2026-01-30 16:00:00+00:00,48807.69921875,48817.6015625,48590.19921875,48622.01953125,40249437
2026-01-30 16:30:00+00:00,48621.890625,48701.390625,48608.83984375,48662.41015625,34389266
2026-01-30 17:00:00+00:00,48664.94921875,48673.2109375,48520.73046875,48658.8984375,34481153
2026-01-30 17:30:00+00:00,48658.48828125,48699.01953125,48566.69140625,48566.69140625,27769562
2026-01-30 18:00:00+00:00,48568.25,48662.8515625,48459.87890625,48622.01953125,29811022
2026-01-30 18:30:00+00:00,48621.44921875,48827.21875,48513.98828125,48778.51953125,31252548
2026-01-30 19:00:00+00:00,48778.05859375,48908.640625,48778.05859375,48801.44921875,30044652
2026-01-30 19:30:00+00:00,48799.05078125,48897.30859375,48751.55078125,48779.94140625,28591752
2026-01-30 20:00:00+00:00,48781.44140625,48858.109375,48777.33984375,48830.2890625,36861142
2026-01-30 20:30:00+00:00,48831.05078125,48971.53125,48825.19921875,48883.51953125,95629791
2026-02-02 14:30:00+00:00,48777.76953125,49199.26953125,48673.578125,49080.4296875,53795568
2026-02-02 15:00:00+00:00,49076.94140625,49249.3203125,49027.94140625,49219.62890625,48836826
2026-02-02 15:30:00+00:00,49219.23046875,49339.078125,49214.01171875,49316.01171875,38421394
2026-02-02 16:00:00+00:00,49316.2890625,49375.98828125,49278.05859375,49340.390625,31988509
2026-02-02 16:30:00+00:00,49339.8515625,49345.109375,49286.98828125,49340.78125,27093537
2026-02-02 17:00:00+00:00,49341.21875,49398.05078125,49337.671875,49372.69921875,24502315
2026-02-02 17:30:00+00:00,49373.05859375,49414.640625,49356.62890625,49390.48828125,22796869
2026-02-02 18:00:00+00:00,49390.640625,49417.91015625,49325.4609375,49337.41015625,21648778
2026-02-02 18:30:00+00:00,49337.19921875,49421.48046875,49332.5703125,49400.19140625,21693922
2026-02-02 19:00:00+00:00,49397.9609375,49436.48046875,49385.48046875,49433.21875,23010769
2026-02-02 19:30:00+00:00,49433.359375,49472.7890625,49392.7109375,49403.30859375,31602258
2026-02-02 20:00:00+00:00,49409.94921875,49484.94921875,49380.12109375,49410.0,43492521
2026-02-02 20:30:00+00:00,49410.03125,49443.98046875,49379.5703125,49406.0390625,80059842
2026-02-03 14:30:00+00:00,49358.58984375,49653.12890625,49358.21875,49432.69921875,63453857
2026-02-03 15:00:00+00:00,49429.26953125,49545.0,49389.140625,49473.71875,67459684
2026-02-03 15:30:00+00:00,49477.69921875,49511.53125,49366.53125,49451.8203125,46851541
2026-02-03 16:00:00+00:00,49451.44921875,49476.1015625,49366.3515625,49366.3515625,41731613
2026-02-03 16:30:00+00:00,49368.69921875,49383.87109375,49273.2890625,49302.25,37381796
2026-02-03 17:00:00+00:00,49302.28125,49320.71875,49169.1796875,49183.55859375,37408560
2026-02-03 17:30:00+00:00,49183.80078125,49183.98828125,49017.609375,49017.7109375,38803861
2026-02-03 18:00:00+00:00,49019.44921875,49091.69921875,48944.7890625,48945.87109375,36044423
2026-02-03 18:30:00+00:00,48947.5,48988.48828125,48876.8984375,48878.078125,30821946
2026-02-03 19:00:00+00:00,48879.71875,49023.7109375,48832.78125,48952.30859375,36997743
2026-02-03 19:30:00+00:00,48955.01953125,49063.5390625,48937.91015625,49054.01953125,42631515
2026-02-03 20:00:00+00:00,49053.80859375,49152.078125,49030.4296875,49150.23828125,39333008
2026-02-03 20:30:00+00:00,49149.87109375,49277.19140625,49148.94921875,49236.6796875,76287879
2026-02-04 14:30:00+00:00,49323.58984375,49620.87109375,49309.0703125,49342.171875,58013399
2026-02-04 15:00:00+00:00,49345.12890625,49642.41015625,49254.80078125,49615.1484375,66240074
2026-02-04 15:30:00+00:00,49615.55078125,49649.859375,49448.5703125,49584.4609375,49039269
2026-02-04 16:00:00+00:00,49591.640625,49642.51171875,49464.828125,49636.109375,42876171
2026-02-04 16:30:00+00:00,49634.3515625,49634.3515625,49418.37890625,49536.41015625,40367591
2026-02-04 17:00:00+00:00,49534.2109375,49569.76171875,49345.96875,49371.25,35365694
2026-02-04 17:30:00+00:00,49374.0,49421.25,49207.9609375,49289.58984375,42105687
2026-02-04 18:00:00+00:00,49288.48828125,49293.44140625,49112.4296875,49265.66015625,32512745
2026-02-04 18:30:00+00:00,49264.1796875,49356.3984375,49166.87109375,49291.69140625,32625041
2026-02-04 19:00:00+00:00,49290.69921875,49362.62109375,49229.390625,49346.578125,32980470
2026-02-04 19:30:00+00:00,49349.33984375,49579.19140625,49347.23828125,49570.03125,39650360
2026-02-04 20:00:00+00:00,49572.48828125,49598.6484375,49536.19140625,49551.2890625,39837002
2026-02-04 20:30:00+00:00,49552.73046875,49606.359375,49455.62109375,49493.421875,78547945
2026-02-05 14:30:00+00:00,49313.0390625,49340.8984375,49137.0703125,49207.87890625,61907291
2026-02-05 15:00:00+00:00,49207.4296875,49231.2109375,48871.328125,48900.12890625,64099283
2026-02-05 15:30:00+00:00,48898.41015625,48951.75,48829.6796875,48912.6796875,48096929
2026-02-05 16:00:00+00:00,48913.26953125,49049.921875,48829.1015625,48998.98046875,42188591
2026-02-05 16:30:00+00:00,49003.5703125,49152.25,48980.53125,49144.76953125,38051580
2026-02-05 17:00:00+00:00,49144.390625,49218.6484375,49037.4609375,49211.44140625,27036533
2026-02-05 17:30:00+00:00,49210.71875,49254.5390625,49129.578125,49141.62109375,27960760
2026-02-05 18:00:00+00:00,49140.55078125,49170.9609375,48988.8203125,49004.2890625,33809395
2026-02-05 18:30:00+00:00,49005.0,49058.9296875,48913.8515625,48950.171875,27024312
2026-02-05 19:00:00+00:00,48950.609375,49139.28125,48930.140625,49095.3984375,29920643
2026-02-05 19:30:00+00:00,49096.44140625,49096.44140625,48983.44140625,49024.55859375,28843937
2026-02-05 20:00:00+00:00,49024.3984375,49093.37109375,48918.26171875,48936.98046875,38775067
2026-02-05 20:30:00+00:00,48938.46875,48957.6015625,48841.16015625,48913.28125,81950619
2026-02-06 14:30:00+00:00,49032.19140625,49655.19921875,49032.19140625,49633.8984375,86293709
2026-02-06 15:00:00+00:00,49623.8984375,49773.3203125,49609.66015625,49704.19921875,67778106
2026-02-06 15:30:00+00:00,49705.73046875,49812.6796875,49648.71875,49725.33984375,53028211
2026-02-06 16:00:00+00:00,49723.94140625,49826.96875,49715.8515625,49766.578125,46171787
2026-02-06 16:30:00+00:00,49771.609375,49885.6484375,49771.23828125,49859.62890625,47336247
2026-02-06 17:00:00+00:00,49859.76953125,49909.48046875,49845.44921875,49876.44921875,40030617
2026-02-06 17:30:00+00:00,49877.0703125,49980.2890625,49845.30078125,49948.73828125,43395787
2026-02-06 18:00:00+00:00,49948.8203125,49976.48046875,49916.87109375,49936.578125,32798499
2026-02-06 18:30:00+00:00,49936.21875,49996.96875,49936.21875,49941.94921875,25551093
2026-02-06 19:00:00+00:00,49942.9296875,50014.80859375,49942.0390625,50009.30859375,26890741
2026-02-06 19:30:00+00:00,50012.19140625,50026.55859375,49971.921875,50007.7109375,29570313
2026-02-06 20:00:00+00:00,50007.71875,50055.19921875,49994.8515625,50024.33984375,38197933
2026-02-06 20:30:00+00:00,50024.94140625,50169.6484375,50016.4296875,50101.109375,82786768
2026-02-09 14:30:00+00:00,50047.7890625,50062.98046875,49837.44921875,49944.578125,78615444
2026-02-09 15:00:00+00:00,49929.16015625,50113.578125,49925.55859375,50088.08984375,51999175
2026-02-09 15:30:00+00:00,50088.671875,50219.3984375,50088.671875,50176.5,40660769
2026-02-09 16:00:00+00:00,50176.21875,50187.05859375,50084.2890625,50096.62109375,34445065
2026-02-09 16:30:00+00:00,50094.55078125,50146.01953125,50076.9609375,50129.51953125,28765424
2026-02-09 17:00:00+00:00,50130.2890625,50153.421875,50065.5703125,50107.98046875,34629701
2026-02-09 17:30:00+00:00,50107.4296875,50131.8203125,50068.30859375,50072.76953125,21943210
2026-02-09 18:00:00+00:00,50072.80078125,50113.48046875,50035.421875,50084.30078125,23240206
2026-02-09 18:30:00+00:00,50084.66015625,50152.51953125,50082.328125,50125.640625,20351175
2026-02-09 19:00:00+00:00,50125.3203125,50183.62890625,50114.58984375,50171.05859375,23969865
2026-02-09 19:30:00+00:00,50172.55859375,50184.328125,50153.53125,50174.9609375,23584377
2026-02-09 20:00:00+00:00,50175.0703125,50207.140625,50121.76953125,50138.9609375,32733278
2026-02-09 20:30:00+00:00,50139.8515625,50178.1015625,50098.28125,50128.26171875,64605338
2026-02-10 14:30:00+00:00,50193.48828125,50512.7890625,50193.48828125,50501.01953125,49452808
2026-02-10 15:00:00+00:00,50500.7109375,50500.7109375,50351.2890625,50412.66015625,45269808
2026-02-10 15:30:00+00:00,50411.9609375,50448.5703125,50321.7890625,50369.55859375,34133697
2026-02-10 16:00:00+00:00,50369.33984375,50371.87109375,50243.6015625,50333.2109375,31708323
2026-02-10 16:30:00+00:00,50332.96875,50426.21875,50318.578125,50407.4609375,29099589
2026-02-10 17:00:00+00:00,50408.109375,50442.98046875,50338.390625,50391.2109375,20851328
2026-02-10 17:30:00+00:00,50391.76171875,50399.3984375,50350.62890625,50356.9609375,21650244
2026-02-10 18:00:00+00:00,50359.69140625,50371.73828125,50192.01171875,50192.5,20034267
2026-02-10 18:30:00+00:00,50194.83984375,50225.0703125,50115.03125,50187.6484375,21597117
2026-02-10 19:00:00+00:00,50188.5703125,50232.0703125,50161.640625,50230.30078125,17301797
2026-02-10 19:30:00+00:00,50230.4609375,50259.19140625,50211.0390625,50258.96875,20605086
2026-02-10 20:00:00+00:00,50259.9296875,50284.0,50239.76171875,50240.05859375,27741672
2026-02-10 20:30:00+00:00,50240.5703125,50255.390625,50151.37109375,50174.75,57144804
2026-02-11 14:30:00+00:00,50243.1484375,50499.0390625,50243.1484375,50299.41015625,88095460
2026-02-11 15:00:00+00:00,50301.76171875,50331.94140625,49952.23828125,50024.58984375,53653479
2026-02-11 15:30:00+00:00,50019.75,50037.640625,49901.609375,49985.421875,42917250
2026-02-11 16:00:00+00:00,49983.890625,50179.53125,49951.83984375,50088.55078125,34531505
2026-02-11 16:30:00+00:00,50088.4296875,50250.37890625,50069.6796875,50168.6796875,31685861
2026-02-11 17:00:00+00:00,50168.76953125,50232.71875,50123.75,50196.28125,29123983
2026-02-11 17:30:00+00:00,50197.05859375,50230.390625,50124.66015625,50135.8515625,25988715
2026-02-11 18:00:00+00:00,50136.359375,50156.0,50024.3515625,50111.30078125,21713160
2026-02-11 18:30:00+00:00,50111.390625,50122.62890625,50025.66015625,50060.44921875,22886790
2026-02-11 19:00:00+00:00,50061.16015625,50186.328125,50050.55859375,50156.109375,24691613
2026-02-11 19:30:00+00:00,50155.3984375,50176.30859375,50104.73828125,50122.7890625,26294884
2026-02-11 20:00:00+00:00,50122.05078125,50181.23046875,50118.171875,50129.16015625,27386748
2026-02-11 20:30:00+00:00,50128.55078125,50166.1015625,50092.71875,50114.37890625,62217406
2026-02-12 14:30:00+00:00,50170.26953125,50447.01171875,50170.26953125,50327.078125,59023063
2026-02-12 15:00:00+00:00,50345.41015625,50393.140625,50258.69921875,50293.48046875,52660567
2026-02-12 15:30:00+00:00,50292.37109375,50312.37109375,50081.0,50088.44140625,58409164
2026-02-12 16:00:00+00:00,50087.1015625,50095.48046875,49616.2109375,49618.03125,58865853
2026-02-12 16:30:00+00:00,49617.26171875,49711.4296875,49543.1015625,49624.51953125,50412092
2026-02-12 17:00:00+00:00,49623.8515625,49627.55078125,49506.98828125,49524.76171875,35142308
2026-02-12 17:30:00+00:00,49521.55078125,49628.2109375,49467.328125,49473.640625,35146774
2026-02-12 18:00:00+00:00,49472.8515625,49544.66015625,49421.96875,49490.7109375,37678671
2026-02-12 18:30:00+00:00,49491.078125,49666.62890625,49458.48828125,49611.05859375,28372767
2026-02-12 19:00:00+00:00,49612.51171875,49721.08984375,49576.41015625,49642.9609375,29752471
2026-02-12 19:30:00+00:00,49643.328125,49781.44921875,49635.75,49743.16015625,34046890
2026-02-12 20:00:00+00:00,49743.109375,49797.859375,49648.0390625,49650.0703125,35293303
2026-02-12 20:30:00+00:00,49648.5,49655.12890625,49420.28125,49455.2890625,87560028
2026-02-13 14:30:00+00:00,49439.578125,49503.55859375,49084.3515625,49326.0390625,68232481
2026-02-13 15:00:00+00:00,49337.640625,49536.23046875,49323.25,49508.55078125,48429909
2026-02-13 15:30:00+00:00,49507.328125,49616.4609375,49416.1796875,49497.5703125,45054919
2026-02-13 16:00:00+00:00,49494.0703125,49623.0703125,49478.3515625,49590.83984375,33292342
2026-02-13 16:30:00+00:00,49590.6484375,49693.51171875,49550.05859375,49647.21875,29059324
2026-02-13 17:00:00+00:00,49641.2890625,49732.8203125,49636.19921875,49653.328125,24182468
2026-02-13 17:30:00+00:00,49654.44140625,49711.48828125,49650.30078125,49664.6484375,22472394
2026-02-13 18:00:00+00:00,49664.671875,49743.98046875,49600.26953125,49669.98046875,22560392
2026-02-13 18:30:00+00:00,49671.08984375,49704.890625,49569.69140625,49594.55859375,18655715
2026-02-13 19:00:00+00:00,49594.359375,49675.19140625,49570.671875,49591.26171875,19206897
2026-02-13 19:30:00+00:00,49591.41015625,49629.23828125,49479.6015625,49486.19921875,22548212
2026-02-13 20:00:00+00:00,49485.87890625,49563.171875,49386.7890625,49404.44140625,33036235
2026-02-13 20:30:00+00:00,49402.30078125,49510.44140625,49356.96875,49499.421875,74877096
2026-02-17 14:30:00+00:00,49525.37109375,49732.37109375,49325.80859375,49334.6015625,51550919
2026-02-17 15:00:00+00:00,49330.66015625,49408.83984375,49225.48046875,49281.359375,42341336
2026-02-17 15:30:00+00:00,49280.05078125,49325.94140625,49169.83984375,49325.94140625,37018110
2026-02-17 16:00:00+00:00,49332.8515625,49646.73828125,49321.62890625,49537.921875,36415448
2026-02-17 16:30:00+00:00,49538.26953125,49616.3203125,49486.62890625,49579.4296875,27083288
2026-02-17 17:00:00+00:00,49578.609375,49584.78125,49445.73828125,49542.7109375,23494003
2026-02-17 17:30:00+00:00,49543.80078125,49563.19921875,49343.80859375,49461.5390625,26128934
2026-02-17 18:00:00+00:00,49462.30859375,49528.62109375,49379.1484375,49519.01953125,24581106
2026-02-17 18:30:00+00:00,49521.1796875,49687.69140625,49497.05078125,49642.3203125,23223104
2026-02-17 19:00:00+00:00,49644.26171875,49659.28125,49593.859375,49602.328125,22380725
2026-02-17 19:30:00+00:00,49604.46875,49645.26953125,49569.2109375,49591.890625,23210085
2026-02-17 20:00:00+00:00,49591.921875,49608.6796875,49547.609375,49560.16015625,24273325
2026-02-17 20:30:00+00:00,49558.30078125,49574.2890625,49488.41015625,49548.30078125,60152441
2026-02-18 14:30:00+00:00,49571.921875,49807.41015625,49469.05859375,49746.25,44405663
2026-02-18 15:00:00+00:00,49749.01953125,49897.30859375,49746.80078125,49807.23828125,41513184
2026-02-18 15:30:00+00:00,49807.9609375,49875.671875,49791.91015625,49852.0390625,31908016
2026-02-18 16:00:00+00:00,49852.828125,49880.3984375,49789.578125,49808.078125,27412660
2026-02-18 16:30:00+00:00,49808.62890625,49824.69140625,49781.33984375,49795.30078125,23011683
2026-02-18 17:00:00+00:00,49795.890625,49879.30078125,49780.41015625,49840.41015625,20987352
2026-02-18 17:30:00+00:00,49839.8984375,49852.6796875,49795.37890625,49821.73046875,16135361
2026-02-18 18:00:00+00:00,49823.51171875,49859.44140625,49747.01171875,49770.6796875,17956222
2026-02-18 18:30:00+00:00,49770.671875,49797.30859375,49647.0390625,49694.28125,20636391
2026-02-18 19:00:00+00:00,49693.96875,49735.16015625,49622.0390625,49675.609375,20449427
2026-02-18 19:30:00+00:00,49675.48046875,49687.5390625,49540.5390625,49580.01953125,25470966
2026-02-18 20:00:00+00:00,49581.390625,49625.91015625,49529.87109375,49545.71875,26421745
2026-02-18 20:30:00+00:00,49545.19140625,49719.828125,49541.9296875,49653.33984375,66108349
2026-02-19 14:30:00+00:00,49576.21875,49576.21875,49347.140625,49476.19921875,38398909
2026-02-19 15:00:00+00:00,49476.640625,49557.828125,49392.359375,49458.4609375,34452037
2026-02-19 15:30:00+00:00,49459.37890625,49606.171875,49452.1015625,49522.69921875,26949882
2026-02-19 16:00:00+00:00,49522.921875,49529.828125,49391.19140625,49396.7109375,28385161
2026-02-19 16:30:00+00:00,49396.0,49467.44140625,49319.1484375,49376.421875,23016685
2026-02-19 17:00:00+00:00,49376.62890625,49449.19921875,49296.66015625,49404.44140625,18494312
2026-02-19 17:30:00+00:00,49404.2109375,49419.03125,49273.01953125,49285.16015625,18265176
2026-02-19 18:00:00+00:00,49285.16015625,49317.01953125,49197.53125,49238.66015625,17822270
2026-02-19 18:30:00+00:00,49238.71875,49347.83984375,49219.05859375,49341.2890625,16297847
2026-02-19 19:00:00+00:00,49340.96875,49389.0390625,49318.578125,49332.05078125,18266105
2026-02-19 19:30:00+00:00,49331.7109375,49339.28125,49238.1484375,49272.76953125,19162669
2026-02-19 20:00:00+00:00,49272.37109375,49358.30078125,49272.37109375,49326.73046875,20939899
2026-02-19 20:30:00+00:00,49326.51171875,49392.828125,49318.26171875,49392.8203125,51464129
2026-02-20 14:30:00+00:00,49323.0,49357.8984375,49158.28125,49355.30078125,38609557
2026-02-20 15:00:00+00:00,49359.21875,49712.55859375,49335.390625,49510.55078125,64650870
2026-02-20 15:30:00+00:00,49510.73046875,49554.23828125,49408.828125,49528.87109375,43098172
2026-02-20 16:00:00+00:00,49529.76171875,49542.6484375,49385.3515625,49385.7109375,35208163
2026-02-20 16:30:00+00:00,49385.8984375,49541.46875,49362.73046875,49497.78125,30285125
2026-02-20 17:00:00+00:00,49498.5703125,49517.30859375,49229.19140625,49261.859375,29519061
2026-02-20 17:30:00+00:00,49262.37109375,49449.0,49254.5703125,49429.171875,29375496
2026-02-20 18:00:00+00:00,49429.53125,49450.66015625,49321.48046875,49376.12109375,25664605
2026-02-20 18:30:00+00:00,49375.26953125,49617.578125,49333.73828125,49598.671875,31973135
2026-02-20 19:00:00+00:00,49599.05078125,49620.578125,49505.98046875,49550.03125,22200849
2026-02-20 19:30:00+00:00,49549.94921875,49577.390625,49497.421875,49525.4609375,21198295
2026-02-20 20:00:00+00:00,49525.26953125,49612.53125,49525.26953125,49582.19921875,24360931
2026-02-20 20:30:00+00:00,49581.578125,49632.08984375,49556.26171875,49628.171875,53696736
2026-02-23 14:30:00+00:00,49536.5390625,49695.609375,49221.69140625,49233.5,51740667
2026-02-23 15:00:00+00:00,49229.23046875,49255.9609375,48922.44140625,48960.9609375,52123834
2026-02-23 15:30:00+00:00,48961.55078125,49012.1484375,48900.5390625,48931.1015625,39906875
2026-02-23 16:00:00+00:00,48930.7109375,48937.51953125,48775.94140625,48937.51953125,37533318
2026-02-23 16:30:00+00:00,48936.3203125,48956.41015625,48876.87109375,48890.0703125,27708924
2026-02-23 17:00:00+00:00,48890.19921875,48913.26171875,48821.08984375,48821.69140625,22555610
2026-02-23 17:30:00+00:00,48821.609375,48890.91015625,48764.48046875,48867.96875,25642477
2026-02-23 18:00:00+00:00,48868.05859375,48997.46875,48864.87109375,48996.80859375,25010066
2026-02-23 18:30:00+00:00,48996.23046875,49013.94140625,48870.921875,48871.4296875,24310903
2026-02-23 19:00:00+00:00,48871.078125,48897.7890625,48773.859375,48775.05078125,26742211
2026-02-23 19:30:00+00:00,48774.87109375,48836.62109375,48754.140625,48817.28125,28982263
2026-02-23 20:00:00+00:00,48819.1796875,48839.58984375,48755.78125,48803.62890625,28128019
2026-02-23 20:30:00+00:00,48803.75,48853.05078125,48731.4609375,48818.859375,66598748
2026-02-24 14:30:00+00:00,48827.80078125,49256.37109375,48752.73828125,49032.140625,60197131
2026-02-24 15:00:00+00:00,49033.19921875,49251.28125,48952.55078125,49249.8984375,42550907
2026-02-24 15:30:00+00:00,49250.1484375,49252.75,49145.87109375,49158.73046875,33776958
2026-02-24 16:00:00+00:00,49159.96875,49238.4296875,49146.37109375,49162.890625,32820670
2026-02-24 16:30:00+00:00,49163.5390625,49163.5390625,49081.1796875,49145.69921875,25891110
2026-02-24 17:00:00+00:00,49143.578125,49234.8203125,49143.578125,49215.5390625,24397513
2026-02-24 17:30:00+00:00,49215.87890625,49232.9296875,49188.640625,49221.05078125,20076314
2026-02-24 18:00:00+00:00,49220.91015625,49268.171875,49206.0,49207.75,18057459
2026-02-24 18:30:00+00:00,49208.08984375,49295.2109375,49207.83984375,49247.87109375,18335444
2026-02-24 19:00:00+00:00,49248.25,49265.55078125,49173.359375,49192.98828125,19781313
2026-02-24 19:30:00+00:00,49190.87109375,49239.609375,49161.3984375,49198.94921875,19494114
2026-02-24 20:00:00+00:00,49199.578125,49212.12890625,49142.98046875,49145.87890625,21749031
2026-02-24 20:30:00+00:00,49145.30859375,49242.3515625,49145.1484375,49185.98046875,54465718
2026-02-25 14:30:00+00:00,49357.62890625,49444.55078125,49278.08984375,49288.19140625,48133139
2026-02-25 15:00:00+00:00,49291.01953125,49323.3515625,49223.1484375,49253.12109375,45330081
2026-02-25 15:30:00+00:00,49254.421875,49310.328125,49206.87109375,49297.78125,29800636
2026-02-25 16:00:00+00:00,49296.1015625,49386.109375,49282.98046875,49362.80859375,28864016
2026-02-25 16:30:00+00:00,49362.75,49442.98828125,49348.30859375,49422.1484375,30955101
2026-02-25 17:00:00+00:00,49423.37109375,49443.69921875,49384.3515625,49406.58984375,28853978
2026-02-25 17:30:00+00:00,49406.94140625,49492.19140625,49403.71875,49483.01953125,18344575
2026-02-25 18:00:00+00:00,49482.37890625,49507.0703125,49450.4609375,49461.0390625,20644847
2026-02-25 18:30:00+00:00,49460.8203125,49480.37890625,49441.828125,49451.26953125,18041630
2026-02-25 19:00:00+00:00,49451.359375,49467.2109375,49426.7890625,49438.01953125,21871052
2026-02-25 19:30:00+00:00,49438.109375,49496.55078125,49438.109375,49475.078125,22655319
2026-02-25 20:00:00+00:00,49475.390625,49500.83984375,49464.140625,49471.421875,27300537
2026-02-25 20:30:00+00:00,49470.66015625,49517.359375,49462.44140625,49487.05078125,64305262
2026-02-26 14:30:00+00:00,49544.578125,49815.21875,49544.578125,49632.71875,80440943
2026-02-26 15:00:00+00:00,49632.44921875,49650.75,49243.19921875,49285.94921875,73351661
2026-02-26 15:30:00+00:00,49281.5703125,49573.1484375,49256.98828125,49551.46875,56652820
2026-02-26 16:00:00+00:00,49552.98046875,49567.69140625,49490.8984375,49506.1015625,40857427
2026-02-26 16:30:00+00:00,49504.96875,49517.48828125,49321.421875,49339.98828125,32362045
2026-02-26 17:00:00+00:00,49339.51171875,49355.80078125,49284.23046875,49296.71875,27802402
2026-02-26 17:30:00+00:00,49297.94921875,49344.390625,49237.37890625,49259.94140625,26026916
2026-02-26 18:00:00+00:00,49258.58984375,49332.33984375,49237.44921875,49319.421875,30637560
2026-02-26 18:30:00+00:00,49319.2890625,49509.96875,49313.80859375,49434.19921875,27017344
2026-02-26 19:00:00+00:00,49434.44921875,49536.80859375,49429.3203125,49480.859375,28832789
2026-02-26 19:30:00+00:00,49480.37890625,49549.8515625,49473.30859375,49505.671875,27081665
2026-02-26 20:00:00+00:00,49505.578125,49560.4296875,49491.5703125,49504.7109375,33169728
2026-02-26 20:30:00+00:00,49504.01171875,49535.7890625,49479.44140625,49497.7890625,65344897
2026-02-27 14:30:00+00:00,49253.5703125,49253.5703125,48691.609375,48703.3203125,60385763
2026-02-27 15:00:00+00:00,48701.30078125,48914.171875,48678.78125,48834.6796875,51272419
2026-02-27 15:30:00+00:00,48834.9609375,48974.390625,48804.5,48908.9296875,34770709
2026-02-27 16:00:00+00:00,48909.2109375,49027.76171875,48898.328125,49000.94921875,28890920
2026-02-27 16:30:00+00:00,49000.578125,49039.140625,48870.5,48877.23046875,27396472
2026-02-27 17:00:00+00:00,48876.69921875,48959.08984375,48734.80859375,48735.83984375,30205046
2026-02-27 17:30:00+00:00,48733.96875,48847.33984375,48716.62109375,48845.859375,26237051
2026-02-27 18:00:00+00:00,48845.01171875,48883.48046875,48797.41015625,48842.3515625,25456790
2026-02-27 18:30:00+00:00,48842.96875,48897.4609375,48814.3984375,48894.87109375,23714232
2026-02-27 19:00:00+00:00,48893.30078125,48914.37109375,48790.94140625,48797.98046875,27953041
2026-02-27 19:30:00+00:00,48797.51953125,48842.0,48758.53125,48771.7890625,25575729
2026-02-27 20:00:00+00:00,48771.96875,48968.7109375,48771.96875,48920.3984375,33634599
2026-02-27 20:30:00+00:00,48920.80859375,48994.05078125,48874.80078125,48975.640625,110883648
